## Название: Invasion of rabbits in Dalaran
## Версия: 1.1 final
## Авторы: GrEM fM Team, stoun and most
## ======================
## Предыстория:
#      Как то,  один маг-путешественник живущий в Даларане отправился в Стальгорн, 
#  повидать этот могущий го род, но когда он ступил на земли Дун Морога его взгляд
#  сразу пал на маленького, миленького кролика, который выживал на холодных землях
#  Дун Морога, тут он и решил забрать его с собой, в Даларан. Вернувшись домой маг 
#  понял что из этих  кроликов можно  сделать  нечто прекрасное  и волшебное. И он 
#  спрятался в  канализациях Даларана  и начал  разводить этих  кроликов и ставить 
#  эксперименты.  Опыты были  удачны - кролики становились сильнее, умнее и начали 
#  обретать магию. И как-то, каким-то образом, они сбежали.  Они проявили агрессию 
#  и вырвались из канализации на  улицы города и устроили хаос. Вы должны очистить
#  город от этих грызунов и вредителей - ведь они не только поедают все что можно, 
#  но и нападают на людей!
## ======================
## Описание:
#  Сильные, магические,  Даларанские кролики  заселили город.  Имеется квест на их 
#  убийство. Берется в самом центре Даларана у фантана. Это дейлик квест, т.е. при
#  следующем запуске ивента его можно будет взять еще раз.  Интерес в том что этот
#  квест на время. За 18 минут надо убить 50 кроликов.  
#  В Даларане свыше 200 кроликов, если  на вас нападет стая, то можете и отбросить
#  ноги. Награда за выполнение квеста или 10 Эмблем героизма,или 5 Эмблем доблести
#  + баф на стамину + деньги + репутация с Кирин Тором. 
## ======================
-- select * FROM game_event
DELETE FROM game_event WHERE entry = 130;
INSERT INTO game_event VALUES ( 130, '2010-11-21 21:03:00', '2020-10-21 21:00:00', 5760, 60, 0, 'Invasion of rabbits in Dalaran'); 
-- select * FROM creature_template
DELETE FROM creature_template WHERE entry in (779000, 779001);
INSERT INTO creature_template (entry, modelid_1, modelid_2, modelid_3, modelid_4, NAME, subname, IconName, minlevel, maxlevel, minhealth, maxhealth, minmana, maxmana, armor, faction_A, faction_H, npcflag, speed_walk, scale, rank, mindmg, maxdmg, dmgschool, attackpower, baseattacktime, rangeattacktime, unit_flags, dynamicflags, family, trainer_type, trainer_spell, trainer_class, trainer_race, minrangedmg, maxrangedmg, rangedattackpower, TYPE, type_flags, lootid, pickpocketloot, skinloot, resistance1, resistance2, resistance3, resistance4, resistance5, resistance6, spell1, spell2, spell3, spell4, PetSpellDataId, mingold, maxgold, AIName, MovementType, InhabitType, unk16, unk17, RacialLeader, RegenHealth, equipment_id, mechanic_immune_mask, flags_extra, ScriptName) VALUES 
(779000, 328, 0, 328, 0, 'Rabbit', '', '', 75, 80, 12000, 12000, 5000, 5000, 2500, 14, 14, 0, 2.26, 2, 0, 200, 500, 0, 600, 2000, 1457, 0, 0, 1, 0, 0, 0, 0, 100, 120, 100, 1, 2, 0, 0, 0, 0, 0, 0, 0, 0, 0, 43039, 42914, 42940, 42897, 12961, 10, 10000, '', 0, 3, 1.2, 1, 0, 1, 0, 1, 64, 'generic_creature'),
(779001, 26908, 0, 26908, 0, 'Scout Captain Daelin', 'Defender Dalaran', '', 80, 80, 63000, 63000, 0, 0, 14500, 2007, 2007, 0, 1, 1, 1, 637, 771, 0, 2111, 2000, 1500, 0, 0, 0, 0, 0, 0, 0, 0, 0, 0, 7, 4096, 0, 0, 0, 0, 0, 0, 0, 0, 0, 0, 0, 0, 0, 0, 0, 0, '', 0, 3, 5, 3, 0, 1, 902, 0, 0, ''); 
UPDATE creature_template SET npcflag=npcflag|2 WHERE entry=779001; 

-- DELETE FROM gameobject_questrelation WHERE quest = 779000; 
-- UPDATE item_template SET StartQuest=0 WHERE StartQuest = 779000; 
-- DELETE FROM gameobject_involvedrelation WHERE quest = 779000; 
DELETE FROM creature_questrelation WHERE quest = 779000; 
INSERT INTO creature_questrelation (id, quest) VALUES (779001, 779000);
DELETE FROM creature_involvedrelation WHERE quest = 779000; 
INSERT INTO creature_involvedrelation (id, quest) VALUES (779001, 779000);
-- select * from quest_template
DELETE FROM quest_template WHERE entry = 779000;
INSERT INTO quest_template (entry, Method, ZoneOrSort, minlevel, QuestLevel, TYPE, RequiredRaces, RequiredSkillValue, RepObjectiveFaction, RepObjectiveValue, RequiredminrepFaction, RequiredminrepValue, RequiredMaxRepFaction, RequiredMaxRepValue, SuggestedPlayers, LimitTime, QuestFlags, SpecialFlags, CharTitleId, PlayersSlain, BonusTalents, PrevQuestId, NextQuestId, ExclusiveGroup, NextQuestInChain, SrcItemId, SrcItemCount, SrcSpell, Title, Details, Objectives, OfferRewardText, RequestItemsText, EndText, ObjectiveText1, ObjectiveText2, ObjectiveText3, ObjectiveText4, ReqItemId1, ReqItemId2, ReqItemId3, ReqItemId4, ReqItemCount1, ReqItemCount2, ReqItemCount3, ReqItemCount4, ReqSourceId1, ReqSourceId2, ReqSourceId3, ReqSourceId4, ReqSourceCount1, ReqSourceCount2, ReqSourceCount3, ReqSourceCount4, ReqCreatureOrGOId1, ReqCreatureOrGOId2, ReqCreatureOrGOId3, ReqCreatureOrGOId4, ReqCreatureOrGOCount1, ReqCreatureOrGOCount2, ReqCreatureOrGOCount3, ReqCreatureOrGOCount4, ReqSpellCast1, ReqSpellCast2, ReqSpellCast3, ReqSpellCast4, RewChoiceItemId1, RewChoiceItemId2, RewChoiceItemId3, RewChoiceItemId4, RewChoiceItemId5, RewChoiceItemId6, RewChoiceItemCount1, RewChoiceItemCount2, RewChoiceItemCount3, RewChoiceItemCount4, RewChoiceItemCount5, RewChoiceItemCount6, RewItemId1, RewItemId2, RewItemId3, RewItemId4, RewItemCount1, RewItemCount2, RewItemCount3, RewItemCount4, RewRepFaction1, RewRepFaction2, RewRepFaction3, RewRepFaction4, RewRepFaction5, RewRepValue1, RewRepValue2, RewRepValue3, RewRepValue4, RewRepValue5, RewHonorAddition, RewOrReqMoney, RewMoneyMaxLevel, RewSpell, RewSpellCast, RewMailTemplateId, RewMailDelaySecs, PointMapId, PointX, PointY, PointOpt, DetailsEmote1, DetailsEmote2, DetailsEmote3, DetailsEmote4, IncompleteEmote, CompleteEmote, OfferRewardEmote1, OfferRewardEmote2, OfferRewardEmote3, OfferRewardEmote4, StartScript, CompleteScript) VALUES 
(779000, 2, 14, 70, 80, 0, 0, 0, 0, 0, 0, 0, 0, 0, 0, 1020, 4232, 1, 0, 0, 0, 0, 0, 0, 0, 0, 0, 0, 'Dalaran Past', 'Скорее! Некогда медлить! $N ты должен(а) нам помочь! В городе нашествие Кроликов! Они откуда не возмись появились и убивают жителей, нам нужна помощь!', 'Убей 50 кроликов, после возвращайся к Капитану Дэлину.', 'Спасибо за помощь! Эти грызуны долго еще не появяться в нашем городе.', 'Не расслабляйся $N! Кроликов очень много, нужно убить их всех!', '', '', '', '', '', 0, 0, 0, 0, 0, 0, 0, 0, 0, 0, 0, 0, 0, 0, 0, 0, 779000, 0, 0, 0, 50, 0, 0, 0, 0, 0, 0, 0, 47241, 45624, 0, 0, 0, 0, 2, 5, 0, 0, 0, 0, 0, 0, 0, 0, 0, 0, 0, 0, 1090, 0, 0, 0, 0, 500, 0, 0, 0, 0, 0, 200000, 300000, 48161, 0, 0, 0, 0, 0, 0, 0, 0, 0, 0, 0, 0, 1, 0, 0, 0, 0, 0, 0); 
-- select * from creature WHERE id in (779001, 779000);
-- select * from creature where guid > 320000
DELETE FROM creature WHERE id in (779001, 779000);
INSERT INTO creature (guid, id, map, spawnMask, phaseMask, modelid, equipment_id, position_x, position_y, position_z, orientation, spawntimesecs, spawndist, currentwaypoint, curhealth, curmana, DeathState, MovementType) VALUES
(320000,779001,571,1,1,0,902,5805.46,631.07,647.462,1.50648,900,0,0,63000,0,0,0),
(320001,779000,571,1,1,0,0,5684.82,616.96,648.236,4.35426,120,5,0,12000,5000,0,0),
(320002,779000,571,1,1,0,0,5664.61,628.204,648.105,2.12634,120,5,0,12000,5000,0,0),
(320003,779000,571,1,1,0,0,5670.64,628.546,648.105,4.31913,120,5,0,12000,5000,0,0),
(320004,779000,571,1,1,0,0,5686.62,661.398,646.508,5.66892,120,5,0,12000,5000,0,0),
(320005,779000,571,1,1,0,0,5660.57,676.809,651.987,5.98505,120,5,0,12000,5000,0,0),
(320006,779000,571,1,1,0,0,5644.84,674.063,651.993,5.13703,120,5,0,12000,5000,0,0),
(320007,779000,571,1,1,0,0,5647.64,694.213,651.993,4.71052,120,5,0,12000,5000,0,0),
(320008,779000,571,1,1,0,0,5633.72,688.949,651.993,2.67328,120,5,0,12000,5000,0,0),
(320009,779000,571,1,1,0,0,5629.71,691.949,651.993,1.18298,120,5,0,12000,5000,0,0),
(320010,779000,571,1,1,0,0,5638.95,698.046,651.993,5.47323,120,5,0,12000,5000,0,0),
(320011,779000,571,1,1,0,0,5632.26,698.198,651.993,1.18298,120,5,0,12000,5000,0,0),
(320012,779000,571,1,1,0,0,5635.52,677.719,651.993,3.6367,120,5,0,12000,5000,0,0),
(320013,779000,571,1,1,0,0,5642.05,681.671,651.993,3.90264,120,5,0,12000,5000,0,0),
(320014,779000,571,1,1,0,0,5652,737.948,642.654,4.12844,120,5,0,12000,5000,0,0),
(320015,779000,571,1,1,0,0,5655.79,735.447,642.636,4.12844,120,5,0,12000,5000,0,0),
(320016,779000,571,1,1,0,0,5658.88,733.405,642.665,4.12343,120,5,0,12000,5000,0,0),
(320017,779000,571,1,1,0,0,5657.17,724.216,642.198,2.62811,120,5,0,12000,5000,0,0),
(320018,779000,571,1,1,0,0,5655.22,725.33,642.666,2.6231,120,5,0,12000,5000,0,0),
(320019,779000,571,1,1,0,0,5651.32,727.567,642.638,2.61306,120,5,0,12000,5000,0,0),
(320020,779000,571,1,1,0,0,5649.38,728.711,642.655,2.59801,120,5,0,12000,5000,0,0),
(320021,779000,571,1,1,0,0,5647.46,729.875,642.648,2.59801,120,5,0,12000,5000,0,0),
(320022,779000,571,1,1,0,0,5681.77,707.676,642.089,2.05608,120,5,0,12000,5000,0,0),
(320023,779000,571,1,1,0,0,5705.75,712.378,642.48,4.65029,120,5,0,12000,5000,0,0),
(320024,779000,571,1,1,0,0,5713.2,695.947,645.751,2.51772,120,5,0,12000,5000,0,0),
(320025,779000,571,1,1,0,0,5747.35,671.96,643.673,3.09477,120,5,0,12000,5000,0,0),
(320026,779000,571,1,1,0,0,5776.95,664.4,645.811,2.45751,120,5,0,12000,5000,0,0),
(320027,779000,571,1,1,0,0,5893.89,488.04,641.045,1.7801,120,5,0,12000,5000,0,0),
(320028,779000,571,1,1,0,0,5900.87,490.09,640.813,1.7801,120,5,0,12000,5000,0,0),
(320029,779000,571,1,1,0,0,5902.25,483.582,640.847,1.7801,120,5,0,12000,5000,0,0),
(320030,779000,571,1,1,0,0,5903.54,477.518,640.806,1.76003,120,5,0,12000,5000,0,0),
(320031,779000,571,1,1,0,0,5900.42,476.921,640.788,1.82526,120,5,0,12000,5000,0,0),
(320032,779000,571,1,1,0,0,5907.77,457.935,641.57,5.2784,120,5,0,12000,5000,0,0),
(320033,779000,571,1,1,0,0,5898.45,477.193,640.782,5.02751,120,5,0,12000,5000,0,0),
(320034,779000,571,1,1,0,0,5890.1,501.127,641.571,5.25331,120,5,0,12000,5000,0,0),
(320035,779000,571,1,1,0,0,5887.98,513.463,641.571,5.35366,120,5,0,12000,5000,0,0),
(320036,779000,571,1,1,0,0,5893.1,537.483,640.933,4.97733,120,5,0,12000,5000,0,0),
(320037,779000,571,1,1,0,0,5852.24,517.242,641.489,5.64972,120,5,0,12000,5000,0,0),
(320038,779000,571,1,1,0,0,5856.06,520.951,641.489,1.61452,120,5,0,12000,5000,0,0),
(320039,779000,571,1,1,0,0,5856.35,514.305,641.489,1.61451,120,5,0,12000,5000,0,0),
(320040,779000,571,1,1,0,0,5859.9,516.378,641.488,5.22233,120,5,0,12000,5000,0,0),
(320041,779000,571,1,1,0,0,5872.86,531.964,641.003,3.93275,120,5,0,12000,5000,0,0),
(320042,779000,571,1,1,0,0,5918.78,579.973,639.596,3.54638,120,5,0,12000,5000,0,0),
(320043,779000,571,1,1,0,0,5932.28,573.802,639.623,2.11128,120,5,0,12000,5000,0,0),
(320044,779000,571,1,1,0,0,5927.87,560.59,639.612,0.214545,120,5,0,12000,5000,0,0),
(320045,779000,571,1,1,0,0,5798.36,629.926,609.887,5.93835,120,5,0,12000,5000,0,0),
(320046,779000,571,1,1,0,0,5793.86,634.433,609.887,4.93479,120,5,0,12000,5000,0,0),
(320047,779000,571,1,1,0,0,5794.65,646.225,609.887,4.10183,120,5,0,12000,5000,0,0),
(320048,779000,571,1,1,0,0,5804.77,651.412,609.887,2.90257,120,5,0,12000,5000,0,0),
(320049,779000,571,1,1,0,0,5811.94,648.395,609.887,2.42588,120,5,0,12000,5000,0,0),
(320050,779000,571,1,1,0,0,5782.72,610.663,609.886,5.51491,120,5,0,12000,5000,0,0),
(320051,779000,571,1,1,0,0,5779.43,606.58,609.886,5.56544,120,5,0,12000,5000,0,0),
(320052,779000,571,1,1,0,0,5780.9,612.413,609.886,5.52996,120,5,0,12000,5000,0,0),
(320053,779000,571,1,1,0,0,5777.68,607.99,609.886,5.60558,120,5,0,12000,5000,0,0),
(320054,779000,571,1,1,0,0,5779.79,609.99,609.886,5.56042,120,5,0,12000,5000,0,0),
(320055,779000,571,1,1,0,0,5781.48,608.502,609.886,5.56042,120,5,0,12000,5000,0,0),
(320056,779000,571,1,1,0,0,5785.67,608.187,609.886,3.96476,120,5,0,12000,5000,0,0),
(320057,779000,571,1,1,0,0,5783.59,606.103,609.886,3.92461,120,5,0,12000,5000,0,0),
(320058,779000,571,1,1,0,0,5781.76,603.627,609.886,4.0049,120,5,0,12000,5000,0,0),
(320059,779000,571,1,1,0,0,5786.77,605.511,609.886,3.97479,120,5,0,12000,5000,0,0),
(320060,779000,571,1,1,0,0,5785.19,603.776,609.886,3.97479,120,5,0,12000,5000,0,0),
(320061,779000,571,1,1,0,0,5783.28,601.668,609.886,3.97479,120,5,0,12000,5000,0,0),
(320062,779000,571,1,1,0,0,5910.11,566.803,639.584,5.75509,120,5,0,12000,5000,0,0),
(320063,779000,571,1,1,0,0,5819.64,668.591,609.887,3.28735,120,5,0,12000,5000,0,0),
(320064,779000,571,1,1,0,0,5826.21,668.322,609.887,2.69023,120,5,0,12000,5000,0,0),
(320065,779000,571,1,1,0,0,5832.48,670.289,609.887,5.88658,120,5,0,12000,5000,0,0),
(320066,779000,571,1,1,0,0,5820.13,679.309,609.887,4.56689,120,5,0,12000,5000,0,0),
(320067,779000,571,1,1,0,0,5832.59,682.894,609.887,2.7404,120,5,0,12000,5000,0,0),
(320068,779000,571,1,1,0,0,5840.8,679.41,609.887,2.45941,120,5,0,12000,5000,0,0),
(320069,779000,571,1,1,0,0,5838.67,665.728,609.887,1.19993,120,5,0,12000,5000,0,0),
(320070,779000,571,1,1,0,0,5828.95,658.409,609.887,0.482384,120,5,0,12000,5000,0,0),
(320071,779000,571,1,1,0,0,5807.79,627.833,609.887,0.659514,120,5,0,12000,5000,0,0),
(320072,779000,571,1,1,0,0,5813.04,630.417,609.887,1.11112,120,5,0,12000,5000,0,0),
(320073,779000,571,1,1,0,0,5815.62,642.257,609.887,1.91406,120,5,0,12000,5000,0,0),
(320074,779000,571,1,1,0,0,5899.67,560.188,639.449,0.169385,120,5,0,12000,5000,0,0),
(320075,779000,571,1,1,0,0,5777.84,537.39,641.561,2.49765,120,5,0,12000,5000,0,0),
(320076,779000,571,1,1,0,0,5801.61,628.868,609.887,6.11899,120,5,0,12000,5000,0,0),
(320077,779000,571,1,1,0,0,5815.67,637.217,609.887,1.40224,120,5,0,12000,5000,0,0),
(320078,779000,571,1,1,0,0,5916.85,572.357,610.696,5.58536,120,5,0,12000,5000,0,0),
(320079,779000,571,1,1,0,0,5876.47,603.826,615.054,5.65059,120,5,0,12000,5000,0,0),
(320080,779000,571,1,1,0,0,5859.02,641.3,615.11,3.38945,120,5,0,12000,5000,0,0),
(320081,779000,571,1,1,0,0,5874.31,659.61,615.294,0.839522,120,5,0,12000,5000,0,0),
(320082,779000,571,1,1,0,0,5854.7,630.451,615.872,0.939878,120,5,0,12000,5000,0,0),
(320083,779000,571,1,1,0,0,5854.7,630.451,615.872,0.939878,120,5,0,12000,5000,0,0),
(320084,779000,571,1,1,0,0,5854.7,630.451,615.872,0.939878,120,5,0,12000,5000,0,0),
(320085,779000,571,1,1,0,0,5832.68,604.646,622.65,0.829486,120,5,0,12000,5000,0,0),
(320086,779000,571,1,1,0,0,5832.68,604.646,622.65,0.829486,120,5,0,12000,5000,0,0),
(320087,779000,571,1,1,0,0,5815.89,591.291,626.055,0.739166,120,5,0,12000,5000,0,0),
(320088,779000,571,1,1,0,0,5791.46,559.285,629.148,4.29768,120,5,0,12000,5000,0,0),
(320089,779000,571,1,1,0,0,5840.11,585.875,624.266,4.10423,120,5,0,12000,5000,0,0),
(320090,779000,571,1,1,0,0,5782.48,535.237,641.559,1.90919,120,5,0,12000,5000,0,0),
(320091,779000,571,1,1,0,0,5770.1,582.752,649.735,5.26109,120,5,0,12000,5000,0,0),
(320092,779000,571,1,1,0,0,5736.22,554.772,652.186,0.809414,120,5,0,12000,5000,0,0),
(320093,779000,571,1,1,0,0,5746.08,530.946,652.765,5.62238,120,5,0,12000,5000,0,0),
(320094,779000,571,1,1,0,0,5736.29,538.993,652.765,1.97857,120,5,0,12000,5000,0,0),
(320095,779000,571,1,1,0,0,5729.31,518.39,647.452,2.34487,120,5,0,12000,5000,0,0),
(320096,779000,571,1,1,0,0,5737.47,515.994,647.452,5.58638,120,5,0,12000,5000,0,0),
(320097,779000,571,1,1,0,0,5731.51,521.839,647.453,3.57424,120,5,0,12000,5000,0,0),
(320098,779000,571,1,1,0,0,5730.48,512.604,647.453,2.83662,120,5,0,12000,5000,0,0),
(320099,779000,571,1,1,0,0,5734.59,511.332,647.453,3.87029,120,5,0,12000,5000,0,0),
(320100,779000,571,1,1,0,0,5734.71,519.605,647.453,0.326833,120,5,0,12000,5000,0,0),
(320101,779000,571,1,1,0,0,5731.34,516.139,647.453,5.54624,120,5,0,12000,5000,0,0),
(320102,779000,571,1,1,0,0,5756.78,525.919,652.787,1.28698,120,5,0,12000,5000,0,0),
(320103,779000,571,1,1,0,0,5768.22,517.833,652.708,0.594524,120,5,0,12000,5000,0,0),
(320104,779000,571,1,1,0,0,5757.76,520.544,652.819,5.61322,120,5,0,12000,5000,0,0),
(320105,779000,571,1,1,0,0,5721.5,550.16,652.763,5.61322,120,5,0,12000,5000,0,0),
(320106,779000,571,1,1,0,0,5691.87,577.185,652.719,5.70354,120,5,0,12000,5000,0,0),
(320107,779000,571,1,1,0,0,5702.77,565.695,652.831,3.05827,120,5,0,12000,5000,0,0),
(320108,779000,571,1,1,0,0,5718.67,547.276,652.798,1.854,120,5,0,12000,5000,0,0),
(320109,779000,571,1,1,0,0,5721.53,539.727,653.065,2.02962,120,5,0,12000,5000,0,0),
(320110,779000,571,1,1,0,0,5709.16,523.43,649.8,1.30705,120,5,0,12000,5000,0,0),
(320111,779000,571,1,1,0,0,5706.85,514.213,649.749,2.62674,120,5,0,12000,5000,0,0),
(320112,779000,571,1,1,0,0,5760.82,618.69,650.092,3.83102,120,5,0,12000,5000,0,0),
(320113,779000,571,1,1,0,0,5771.59,628.548,650.092,0.618739,120,5,0,12000,5000,0,0),
(320114,779000,571,1,1,0,0,5761.73,625.385,650.091,5.84316,120,5,0,12000,5000,0,0),
(320115,779000,571,1,1,0,0,5754.94,628.885,650.091,5.75284,120,5,0,12000,5000,0,0),
(320116,779000,571,1,1,0,0,5756.32,621.331,650.091,2.47533,120,5,0,12000,5000,0,0),
(320117,779000,571,1,1,0,0,5716.47,594.652,648.595,4.00577,120,5,0,12000,5000,0,0),
(320118,779000,571,1,1,0,0,5720.9,601.775,648.574,4.28677,120,5,0,12000,5000,0,0),
(320119,779000,571,1,1,0,0,5729.28,600.639,660.202,4.68405,120,5,0,12000,5000,0,0),
(320120,779000,571,1,1,0,0,5723.62,606.857,660.158,5.45177,120,5,0,12000,5000,0,0),
(320121,779000,571,1,1,0,0,5711.41,591.211,656.502,5.32633,120,5,0,12000,5000,0,0),
(320122,779000,571,1,1,0,0,5709.37,600.754,656.502,0.628774,120,5,0,12000,5000,0,0),
(320123,779000,571,1,1,0,0,5719.69,609.78,648.582,2.28967,120,5,0,12000,5000,0,0),
(320124,779000,571,1,1,0,0,5726.46,601.071,648.566,3.0022,120,5,0,12000,5000,0,0),
(320125,779000,571,1,1,0,0,5663.29,595.026,646.85,0.206403,120,5,0,12000,5000,0,0),
(320126,779000,571,1,1,0,0,5653.29,602.346,646.984,1.28523,120,5,0,12000,5000,0,0),
(320127,779000,571,1,1,0,0,5655.99,597.97,646.948,2.24364,120,5,0,12000,5000,0,0),
(320128,779000,571,1,1,0,0,5660.4,593.654,646.863,2.16335,120,5,0,12000,5000,0,0),
(320129,779000,571,1,1,0,0,5665.6,591.852,646.797,1.09456,120,5,0,12000,5000,0,0),
(320130,779000,571,1,1,0,0,5656.4,602.296,646.963,5.2803,120,5,0,12000,5000,0,0),
(320131,779000,571,1,1,0,0,5653.35,613.499,646.878,4.78855,120,5,0,12000,5000,0,0),
(320132,779000,571,1,1,0,0,5652.63,625.495,647.042,5.36058,120,5,0,12000,5000,0,0),
(320133,779000,571,1,1,0,0,5656.07,652.864,647.04,3.58427,120,5,0,12000,5000,0,0),
(320134,779000,571,1,1,0,0,5661.78,655.984,647.221,0.397955,120,5,0,12000,5000,0,0),
(320135,779000,571,1,1,0,0,5646.17,651.423,646.607,6.079,120,5,0,12000,5000,0,0),
(320136,779000,571,1,1,0,0,5622.8,659.6,645.184,2.39505,120,5,0,12000,5000,0,0),
(320137,779000,571,1,1,0,0,5632.37,652.974,646.079,0.147066,120,5,0,12000,5000,0,0),
(320138,779000,571,1,1,0,0,5640.56,656.733,646.223,1.5922,120,5,0,12000,5000,0,0),
(320139,779000,571,1,1,0,0,5640.69,650.535,646.632,2.66099,120,5,0,12000,5000,0,0),
(320140,779000,571,1,1,0,0,5645.95,646.848,646.958,2.22444,120,5,0,12000,5000,0,0),
(320141,779000,571,1,1,0,0,5773.64,759.948,641.035,5.61322,120,5,0,12000,5000,0,0),
(320142,779000,571,1,1,0,0,5766.17,764.675,641.066,5.80891,120,5,0,12000,5000,0,0),
(320143,779000,571,1,1,0,0,5754.9,769.464,641.292,5.86913,120,5,0,12000,5000,0,0),
(320144,779000,571,1,1,0,0,5738.58,774.413,641.768,5.41752,120,5,0,12000,5000,0,0),
(320145,779000,571,1,1,0,0,5738.36,786.649,641.095,0.474095,120,5,0,12000,5000,0,0),
(320146,779000,571,1,1,0,0,5729.39,789.949,641.391,5.4125,120,5,0,12000,5000,0,0),
(320147,779000,571,1,1,0,0,5721.96,802.919,641.289,5.3272,120,5,0,12000,5000,0,0),
(320148,779000,571,1,1,0,0,5713.17,814.748,641.466,5.71357,120,5,0,12000,5000,0,0),
(320149,779000,571,1,1,0,0,5704.01,820.655,641.688,5.41752,120,5,0,12000,5000,0,0),
(320150,779000,571,1,1,0,0,5698.7,827.573,641.815,2.5674,120,5,0,12000,5000,0,0),
(320151,779000,571,1,1,0,0,5710.36,821.36,641.449,3.12939,120,5,0,12000,5000,0,0),
(320152,779000,571,1,1,0,0,5721.01,812.962,641.014,3.47061,120,5,0,12000,5000,0,0),
(320153,779000,571,1,1,0,0,5729.78,798.287,640.945,2.31651,120,5,0,12000,5000,0,0),
(320154,779000,571,1,1,0,0,5735.29,788.66,641.044,1.29789,120,5,0,12000,5000,0,0),
(320155,779000,571,1,1,0,0,5746.4,770.533,641.748,6.13594,120,5,0,12000,5000,0,0),
(320156,779000,571,1,1,0,0,5751.38,764.084,641.899,2.77815,120,5,0,12000,5000,0,0),
(320157,779000,571,1,1,0,0,5769.15,757.376,641.569,2.77815,120,5,0,12000,5000,0,0),
(320158,779000,571,1,1,0,0,5788.27,789.337,662.139,3.69139,120,5,0,12000,5000,0,0),
(320159,779000,571,1,1,0,0,5807.36,794.812,662.14,4.61968,120,5,0,12000,5000,0,0),
(320160,779000,571,1,1,0,0,5813.48,823.902,662.074,4.68492,120,5,0,12000,5000,0,0),
(320161,779000,571,1,1,0,0,5816.54,830.413,662.092,2.58245,120,5,0,12000,5000,0,0),
(320162,779000,571,1,1,0,0,5819.35,819.423,662.138,3.50071,120,5,0,12000,5000,0,0),
(320163,779000,571,1,1,0,0,5812.19,807.892,662.001,1.27781,120,5,0,12000,5000,0,0),
(320164,779000,571,1,1,0,0,5796.91,806.585,662.138,6.15601,120,5,0,12000,5000,0,0),
(320165,779000,571,1,1,0,0,5782.28,816.215,662.133,5.91515,120,5,0,12000,5000,0,0),
(320166,779000,571,1,1,0,0,5788,824.795,662.066,1.39409,120,5,0,12000,5000,0,0),
(320167,779000,571,1,1,0,0,5787.42,813.954,661.997,1.95107,120,5,0,12000,5000,0,0),
(320168,779000,571,1,1,0,0,5790.89,803.974,662.14,1.79552,120,5,0,12000,5000,0,0),
(320169,779000,571,1,1,0,0,5792.97,792.07,661.87,2.37257,120,5,0,12000,5000,0,0),
(320170,779000,571,1,1,0,0,5842.95,750.826,640.605,3.85872,120,5,0,12000,5000,0,0),
(320171,779000,571,1,1,0,0,5894.21,775.828,641.475,3.94904,120,5,0,12000,5000,0,0),
(320172,779000,571,1,1,0,0,5901.41,782.841,641.897,6.00635,120,5,0,12000,5000,0,0),
(320173,779000,571,1,1,0,0,5896.58,783.136,642.045,0.626368,120,5,0,12000,5000,0,0),
(320174,779000,571,1,1,0,0,5891.99,779.813,641.687,6.00635,120,5,0,12000,5000,0,0),
(320175,779000,571,1,1,0,0,5883.69,782.688,641.335,5.03289,120,5,0,12000,5000,0,0),
(320176,779000,571,1,1,0,0,5884.89,789.616,641.925,6.16692,120,5,0,12000,5000,0,0),
(320177,779000,571,1,1,0,0,5874.89,788.62,641.692,0.510958,120,5,0,12000,5000,0,0),
(320178,779000,571,1,1,0,0,5869.76,785.697,641.257,1.41417,120,5,0,12000,5000,0,0),
(320179,779000,571,1,1,0,0,5869.44,779.431,640.718,2.6636,120,5,0,12000,5000,0,0),
(320180,779000,571,1,1,0,0,5874.37,783.254,641.122,1.22349,120,5,0,12000,5000,0,0),
(320181,779000,571,1,1,0,0,5846.75,761.39,640.908,6.12677,120,5,0,12000,5000,0,0),
(320182,779000,571,1,1,0,0,5836.31,760.619,640.633,0.260068,120,5,0,12000,5000,0,0),
(320183,779000,571,1,1,0,0,5827.5,751.802,640.913,0.229961,120,5,0,12000,5000,0,0),
(320184,779000,571,1,1,0,0,5816,745.588,640.724,1.44427,120,5,0,12000,5000,0,0),
(320185,779000,571,1,1,0,0,5817.88,731.268,640.926,2.22705,120,5,0,12000,5000,0,0),
(320186,779000,571,1,1,0,0,5850.48,635.105,647.513,4.18824,120,5,0,12000,5000,0,0),
(320187,779000,571,1,1,0,0,5842.6,650.736,647.512,2.87356,120,5,0,12000,5000,0,0),
(320188,779000,571,1,1,0,0,5852.01,646.555,647.512,3.99756,120,5,0,12000,5000,0,0),
(320189,779000,571,1,1,0,0,5878.92,637.744,646.745,2.66783,120,5,0,12000,5000,0,0),
(320190,779000,571,1,1,0,0,5912.1,633.878,645.611,5.03123,120,5,0,12000,5000,0,0),
(320191,779000,571,1,1,0,0,5903.25,654.655,644.125,5.96454,120,5,0,12000,5000,0,0),
(320192,779000,571,1,1,0,0,5887.15,663.075,644.447,0.308581,120,5,0,12000,5000,0,0),
(320193,779000,571,1,1,0,0,5867.57,672.435,643.745,5.19179,120,5,0,12000,5000,0,0),
(320194,779000,571,1,1,0,0,5864.45,681.014,643.256,5.57817,120,5,0,12000,5000,0,0),
(320195,779000,571,1,1,0,0,5863.51,744.459,640.583,5.11732,120,5,0,12000,5000,0,0),
(320196,779000,571,1,1,0,0,5847.34,716.222,640.526,4.11296,120,5,0,12000,5000,0,0),
(320197,779000,571,1,1,0,0,5855.31,717.361,640.274,4.42407,120,5,0,12000,5000,0,0),
(320198,779000,571,1,1,0,0,5861.94,732.168,639.67,3.36531,120,5,0,12000,5000,0,0),
(320199,779000,571,1,1,0,0,5905.91,711.683,641.016,0.0384912,120,5,0,12000,5000,0,0),
(320200,779000,571,1,1,0,0,5891.83,713.693,641.7,5.05719,120,5,0,12000,5000,0,0),
(320201,779000,571,1,1,0,0,5892.01,729.372,639.407,4.92672,120,5,0,12000,5000,0,0),
(320202,779000,571,1,1,0,0,5903.59,725.116,640.091,1.61496,120,5,0,12000,5000,0,0),
(320203,779000,571,1,1,0,0,5904.18,698.639,641.192,1.25869,120,5,0,12000,5000,0,0),
(320204,779000,571,1,1,0,0,5887.16,678.911,643.021,1.04293,120,5,0,12000,5000,0,0),
(320205,779000,571,1,1,0,0,5916.13,696.628,642.424,1.89914,120,5,0,12000,5000,0,0),
(320206,779000,571,1,1,0,0,5915.66,622.583,646.37,3.43228,120,5,0,12000,5000,0,0),
(320207,779000,571,1,1,0,0,5933.29,620.502,649.61,3.28677,120,5,0,12000,5000,0,0),
(320208,779000,571,1,1,0,0,5957,613.73,650.628,2.43998,120,5,0,12000,5000,0,0),
(320209,779000,571,1,1,0,0,5974.7,603.847,650.628,5.85297,120,5,0,12000,5000,0,0),
(320210,779000,571,1,1,0,0,5955.64,603.81,650.628,4.83937,120,5,0,12000,5000,0,0),
(320211,779000,571,1,1,0,0,5969.63,611.897,650.628,3.2989,120,5,0,12000,5000,0,0),
(320212,779000,571,1,1,0,0,5978.99,611.677,650.628,2.99281,120,5,0,12000,5000,0,0),
(320213,779000,571,1,1,0,0,5916.71,689.622,642.445,6.16516,120,5,0,12000,5000,0,0),
(320214,779000,571,1,1,0,0,5969.9,622.976,650.628,5.97339,120,5,0,12000,5000,0,0),
(320215,779000,571,1,1,0,0,5963.52,626.879,650.628,0.0414534,120,5,0,12000,5000,0,0),
(320216,779000,571,1,1,0,0,5944.46,625.104,650.607,5.73254,120,5,0,12000,5000,0,0),
(320217,779000,571,1,1,0,0,5934.15,631.571,648.425,5.60709,120,5,0,12000,5000,0,0),
(320218,779000,571,1,1,0,0,5924.47,637.845,645.381,5.83289,120,5,0,12000,5000,0,0),
(320219,779000,571,1,1,0,0,5924.55,648.832,644.647,5.85798,120,5,0,12000,5000,0,0),
(320220,779000,571,1,1,0,0,5902,644.805,645.182,0.287327,120,5,0,12000,5000,0,0),
(320221,779000,571,1,1,0,0,5894.95,643.504,645.83,6.12895,120,5,0,12000,5000,0,0),
(320222,779000,571,1,1,0,0,5875.93,647.706,645.673,5.14545,120,5,0,12000,5000,0,0),
(320223,779000,571,1,1,0,0,5869.04,643.368,646.569,2.84227,120,5,0,12000,5000,0,0),
(320224,779000,571,1,1,0,0,5880.6,631.834,647.457,0.493934,120,5,0,12000,5000,0,0),
(320225,779000,571,1,1,0,0,5863.91,629.902,647.828,1.53764,120,5,0,12000,5000,0,0),
(320226,779000,571,1,1,0,0,5862.93,613.531,650.432,0.478881,120,5,0,12000,5000,0,0),
(320227,779000,571,1,1,0,0,5852.31,614.902,650.275,1.10611,120,5,0,12000,5000,0,0),
(320228,779000,571,1,1,0,0,5846.57,593.256,650.773,0.207917,120,5,0,12000,5000,0,0),
(320229,779000,571,1,1,0,0,5834.71,597.155,650.86,1.97921,120,5,0,12000,5000,0,0),
(320230,779000,571,1,1,0,0,5824.03,567.576,650.421,6.26028,120,5,0,12000,5000,0,0),
(320231,779000,571,1,1,0,0,5809.47,567.366,650.276,0.45379,120,5,0,12000,5000,0,0),
(320232,779000,571,1,1,0,0,5792.48,566.988,650.312,5.12124,120,5,0,12000,5000,0,0),
(320233,779000,571,1,1,0,0,5796.37,576.783,649.752,0.202897,120,5,0,12000,5000,0,0),
(320234,779000,571,1,1,0,0,5777.92,577.284,650.097,5.29184,120,5,0,12000,5000,0,0),
(320235,779000,571,1,1,0,0,5770.65,594.753,650.218,0.91041,120,5,0,12000,5000,0,0),
(320236,779000,571,1,1,0,0,5760.33,587.36,649.558,4.5191,120,5,0,12000,5000,0,0),
(320237,779000,571,1,1,0,0,5755.85,604.875,649.165,5.45743,120,5,0,12000,5000,0,0),
(320238,779000,571,1,1,0,0,5742.57,615.013,648.45,5.49255,120,5,0,12000,5000,0,0),
(320239,779000,571,1,1,0,0,5731.32,647.073,646.534,5.44827,120,5,0,12000,5000,0,0),
(320240,779000,571,1,1,0,0,5652.46,635.596,646.886,5.30539,120,5,0,12000,5000,0,0),
(320241,779000,571,1,1,0,0,5713.35,658.385,646.26,5.80955,120,5,0,12000,5000,0,0),
(320242,779000,571,1,1,0,0,5702.81,662.01,646.083,6.03536,120,5,0,12000,5000,0,0),
(320243,779000,571,1,1,0,0,5649.91,638.94,646.921,2.05384,120,5,0,12000,5000,0,0),
(320244,779000,571,1,1,0,0,5693.06,646.627,646.588,2.02524,120,5,0,12000,5000,0,0),
(320245,779000,571,1,1,0,0,5705.86,630.018,646.232,2.5772,120,5,0,12000,5000,0,0),
(320246,779000,571,1,1,0,0,5784.82,531.532,641.559,3.22386,120,5,0,12000,5000,0,0),
(320247,779000,571,1,1,0,0,5804.13,561.716,650.259,6.27207,120,5,0,12000,5000,0,0),
(320248,779000,571,1,1,0,0,5791.37,573.874,650.057,5.78534,120,5,0,12000,5000,0,0),
(320249,779000,571,1,1,0,0,5778.24,583.157,650.031,5.64484,120,5,0,12000,5000,0,0),
(320250,779000,571,1,1,0,0,5752.65,596.77,649.233,5.76527,120,5,0,12000,5000,0,0),
(320251,779000,571,1,1,0,0,5752.65,596.77,649.233,5.76527,120,5,0,12000,5000,0,0),
(320252,779000,571,1,1,0,0,5736.14,607.691,647.966,5.65487,120,5,0,12000,5000,0,0),
(320253,779000,571,1,1,0,0,5774.07,602.344,650.536,0.715458,120,5,0,12000,5000,0,0),
(320254,779000,571,1,1,0,0,5726.01,616.285,646.973,5.38893,120,5,0,12000,5000,0,0),
(320255,779000,571,1,1,0,0,5720.48,627.555,646.545,5.09288,120,5,0,12000,5000,0,0),
(320256,779000,571,1,1,0,0,5721.22,640.445,646.277,4.51583,120,5,0,12000,5000,0,0),
(320257,779000,571,1,1,0,0,5731.51,658.98,645.814,4.1144,120,5,0,12000,5000,0,0),
(320258,779000,571,1,1,0,0,5732.83,660.437,645.634,3.9739,120,5,0,12000,5000,0,0),
(320259,779000,571,1,1,0,0,5766.27,680.942,642.693,3.73305,120,5,0,12000,5000,0,0),
(320260,779000,571,1,1,0,0,5766.27,680.942,642.693,3.73305,120,5,0,12000,5000,0,0),
(320261,779000,571,1,1,0,0,5766.27,680.942,642.693,3.73305,120,5,0,12000,5000,0,0),
(320262,779000,571,1,1,0,0,5773.1,686.56,642.935,3.87856,120,5,0,12000,5000,0,0),
(320263,779000,571,1,1,0,0,5779.3,700.22,642.052,4.33017,120,5,0,12000,5000,0,0),
(320264,779000,571,1,1,0,0,5785.89,712.115,641.145,4.1997,120,5,0,12000,5000,0,0),
(320265,779000,571,1,1,0,0,5813.71,710.244,641.299,3.72301,120,5,0,12000,5000,0,0),
(320266,779000,571,1,1,0,0,5901.15,753.466,641.065,2.74301,120,5,0,12000,5000,0,0),
(320267,779000,571,1,1,0,0,5907.03,750.709,641.06,4.36879,120,5,0,12000,5000,0,0),
(320268,779000,571,1,1,0,0,5831.68,711.687,641.027,1.99688,120,5,0,12000,5000,0,0),
(320269,779000,571,1,1,0,0,5860.98,746.949,640.557,2.16597,120,5,0,12000,5000,0,0),
(320270,779000,571,1,1,0,0,5828.58,695.614,642.364,2.60404,120,5,0,12000,5000,0,0),
(320271,779000,571,1,1,0,0,5907.07,756.577,641.331,1.05615,120,5,0,12000,5000,0,0),
(320272,779000,571,1,1,0,0,5837.7,693.673,642.379,4.22981,120,5,0,12000,5000,0,0),
(320273,779000,571,1,1,0,0,5844.76,690.272,643.05,3.40689,120,5,0,12000,5000,0,0),
(320274,779000,571,1,1,0,0,5844.56,681.604,643.368,1.08865,120,5,0,12000,5000,0,0),
(320275,779000,571,1,1,0,0,5926.45,712.469,642.515,0.283404,120,5,0,12000,5000,0,0),
(320276,779000,571,1,1,0,0,5834.02,679.83,643.587,1.31446,120,5,0,12000,5000,0,0),
(320277,779000,571,1,1,0,0,5827.42,665.612,646.506,0.993317,120,5,0,12000,5000,0,0),
(320278,779000,571,1,1,0,0,5827.63,646.909,647.356,3.17969,120,5,0,12000,5000,0,0),
(320279,779000,571,1,1,0,0,5824.56,642.436,647.865,2.16086,120,5,0,12000,5000,0,0),
(320280,779000,571,1,1,0,0,5818.44,640.878,647.783,6.07061,120,5,0,12000,5000,0,0),
(320281,779000,571,1,1,0,0,5818.37,647.132,647.371,5.57886,120,5,0,12000,5000,0,0),
(320282,779000,571,1,1,0,0,5801.3,659.712,647.755,1.70423,120,5,0,12000,5000,0,0),
(320283,779000,571,1,1,0,0,5794.38,644.268,647.408,2.36659,120,5,0,12000,5000,0,0),
(320284,779000,571,1,1,0,0,5788.27,634.222,647.773,0.12362,120,5,0,12000,5000,0,0),
(320285,779000,571,1,1,0,0,5784.43,634.961,647.781,4.60039,120,5,0,12000,5000,0,0),
(320286,779000,571,1,1,0,0,5788.55,637.419,647.81,2.59828,120,5,0,12000,5000,0,0),
(320287,779000,571,1,1,0,0,5794.36,615.262,647.623,6.05643,120,5,0,12000,5000,0,0),
(320288,779000,571,1,1,0,0,5785.2,623.856,647.74,2.86627,120,5,0,12000,5000,0,0),
(320289,779000,571,1,1,0,0,5825.54,656.681,647.517,5.07119,120,5,0,12000,5000,0,0),
(320290,779000,571,1,1,0,0,5813.54,665.644,647.61,1.89403,120,5,0,12000,5000,0,0),
(320291,779000,571,1,1,0,0,5806.64,661.486,647.723,0.770041,120,5,0,12000,5000,0,0),
(320292,779000,571,1,1,0,0,5803.8,656.059,648.035,2.48112,120,5,0,12000,5000,0,0),
(320293,779000,571,1,1,0,0,5805.99,623.019,647.831,0.785095,120,5,0,12000,5000,0,0),
(320294,779000,571,1,1,0,0,5817.56,629.647,647.393,1.29691,120,5,0,12000,5000,0,0),
(320295,779000,571,1,1,0,0,5679.44,613.27,648.236,2.37723,120,5,0,12000,5000,0,0),
(320296,779000,571,1,1,0,0,5679.68,615.706,648.236,2.65321,120,5,0,12000,5000,0,0),
(320297,779000,571,1,1,0,0,5666.09,610.04,656.198,4.16358,120,5,0,12000,5000,0,0),
(320298,779000,571,1,1,0,0,5667.43,606.807,656.2,5.56857,120,5,0,12000,5000,0,0),
(320299,779000,571,1,1,0,0,5697.21,617.226,646.7,5.89974,120,5,0,12000,5000,0,0),
(320300,779000,571,1,1,0,0,5781.47,611.043,648.893,5.70405,120,5,0,12000,5000,0,0),
(320301,779000,571,1,1,0,0,5787.9,620.071,647.248,2.42654,120,5,0,12000,5000,0,0),
(320302,779000,571,1,1,0,0,5796.45,630.728,647.407,1.57852,120,5,0,12000,5000,0,0),
(320303,779000,571,1,1,0,0,5788.91,652.47,647.393,2.68746,120,5,0,12000,5000,0,0);
-- select * from game_event_creature_quest
-- DELETE FROM game_event_creature_quest WHERE id = 779001;
-- INSERT INTO game_event_creature_quest VALUES (779001,779000,130);
-- -- select * from game_event_creature
DELETE FROM game_event_creature WHERE event = 130;
INSERT INTO game_event_creature VALUES 
(320000,130),
(320001,130),
(320002,130),
(320003,130),
(320004,130),
(320005,130),
(320006,130),
(320007,130),
(320008,130),
(320009,130),
(320010,130),
(320011,130),
(320012,130),
(320013,130),
(320014,130),
(320015,130),
(320016,130),
(320017,130),
(320018,130),
(320019,130),
(320020,130),
(320021,130),
(320022,130),
(320023,130),
(320024,130),
(320025,130),
(320026,130),
(320027,130),
(320028,130),
(320029,130),
(320030,130),
(320031,130),
(320032,130),
(320033,130),
(320034,130),
(320035,130),
(320036,130),
(320037,130),
(320038,130),
(320039,130),
(320040,130),
(320041,130),
(320042,130),
(320043,130),
(320044,130),
(320045,130),
(320046,130),
(320047,130),
(320048,130),
(320049,130),
(320050,130),
(320051,130),
(320052,130),
(320053,130),
(320054,130),
(320055,130),
(320056,130),
(320057,130),
(320058,130),
(320059,130),
(320060,130),
(320061,130),
(320062,130),
(320063,130),
(320064,130),
(320065,130),
(320066,130),
(320067,130),
(320068,130),
(320069,130),
(320070,130),
(320071,130),
(320072,130),
(320073,130),
(320074,130),
(320075,130),
(320076,130),
(320077,130),
(320078,130),
(320079,130),
(320080,130),
(320081,130),
(320082,130),
(320083,130),
(320084,130),
(320085,130),
(320086,130),
(320087,130),
(320088,130),
(320089,130),
(320090,130),
(320091,130),
(320092,130),
(320093,130),
(320094,130),
(320095,130),
(320096,130),
(320097,130),
(320098,130),
(320099,130),
(320100,130),
(320101,130),
(320102,130),
(320103,130),
(320104,130),
(320105,130),
(320106,130),
(320107,130),
(320108,130),
(320109,130),
(320110,130),
(320111,130),
(320112,130),
(320113,130),
(320114,130),
(320115,130),
(320116,130),
(320117,130),
(320118,130),
(320119,130),
(320120,130),
(320121,130),
(320122,130),
(320123,130),
(320124,130),
(320125,130),
(320126,130),
(320127,130),
(320128,130),
(320129,130),
(320130,130),
(320131,130),
(320132,130),
(320133,130),
(320134,130),
(320135,130),
(320136,130),
(320137,130),
(320138,130),
(320139,130),
(320140,130),
(320141,130),
(320142,130),
(320143,130),
(320144,130),
(320145,130),
(320146,130),
(320147,130),
(320148,130),
(320149,130),
(320150,130),
(320151,130),
(320152,130),
(320153,130),
(320154,130),
(320155,130),
(320156,130),
(320157,130),
(320158,130),
(320159,130),
(320160,130),
(320161,130),
(320162,130),
(320163,130),
(320164,130),
(320165,130),
(320166,130),
(320167,130),
(320168,130),
(320169,130),
(320170,130),
(320171,130),
(320172,130),
(320173,130),
(320174,130),
(320175,130),
(320176,130),
(320177,130),
(320178,130),
(320179,130),
(320180,130),
(320181,130),
(320182,130),
(320183,130),
(320184,130),
(320185,130),
(320186,130),
(320187,130),
(320188,130),
(320189,130),
(320190,130),
(320191,130),
(320192,130),
(320193,130),
(320194,130),
(320195,130),
(320196,130),
(320197,130),
(320198,130),
(320199,130),
(320200,130),
(320201,130),
(320202,130),
(320203,130),
(320204,130),
(320205,130),
(320206,130),
(320207,130),
(320208,130),
(320209,130),
(320210,130),
(320211,130),
(320212,130),
(320213,130),
(320214,130),
(320215,130),
(320216,130),
(320217,130),
(320218,130),
(320219,130),
(320220,130),
(320221,130),
(320222,130),
(320223,130),
(320224,130),
(320225,130),
(320226,130),
(320227,130),
(320228,130),
(320229,130),
(320230,130),
(320231,130),
(320232,130),
(320233,130),
(320234,130),
(320235,130),
(320236,130),
(320237,130),
(320238,130),
(320239,130),
(320240,130),
(320241,130),
(320242,130),
(320243,130),
(320244,130),
(320245,130),
(320246,130),
(320247,130),
(320248,130),
(320249,130),
(320250,130),
(320251,130),
(320252,130),
(320253,130),
(320254,130),
(320255,130),
(320256,130),
(320257,130),
(320258,130),
(320259,130),
(320260,130),
(320261,130),
(320262,130),
(320263,130),
(320264,130),
(320265,130),
(320266,130),
(320267,130),
(320268,130),
(320269,130),
(320270,130),
(320271,130),
(320272,130),
(320273,130),
(320274,130),
(320275,130),
(320276,130),
(320277,130),
(320278,130),
(320279,130),
(320280,130),
(320281,130),
(320282,130),
(320283,130),
(320284,130),
(320285,130),
(320286,130),
(320287,130),
(320288,130),
(320289,130),
(320290,130),
(320291,130),
(320292,130),
(320293,130),
(320294,130),
(320295,130),
(320296,130),
(320297,130),
(320298,130),
(320299,130),
(320300,130),
(320301,130),
(320302,130),
(320303,130);
